<?xml version="1.0" encoding="UTF-8"?>
<project-private xmlns="http://www.netbeans.org/ns/project-private/1">
    <editor-bookmarks xmlns="http://www.netbeans.org/ns/editor-bookmarks/2" lastBookmarkId="0"/>
    <open-files xmlns="http://www.netbeans.org/ns/projectui-open-files/2">
        <group>
            <file>file:/C:/Users/israe/OneDrive/Documentos/NetBeansProjects/Proyecto_Final_Banco/src/proyecto_final_banco/ClienteHilo.java</file>
            <file>file:/C:/Users/israe/OneDrive/Documentos/NetBeansProjects/Proyecto_Final_Banco/src/proyecto_final_banco/ClienteVista.java</file>
            <file>file:/C:/Users/israe/OneDrive/Documentos/NetBeansProjects/Proyecto_Final_Banco/src/proyecto_final_banco/Servidor.java</file>
            <file>file:/C:/Users/israe/OneDrive/Documentos/NetBeansProjects/Proyecto_Final_Banco/src/proyecto_final_banco/ServidorHilo.java</file>
            <file>file:/C:/Users/israe/OneDrive/Documentos/NetBeansProjects/Proyecto_Final_Banco/src/proyecto_final_banco/Cliente.java</file>
            <file>file:/C:/Users/israe/OneDrive/Documentos/NetBeansProjects/Proyecto_Final_Banco/src/proyecto_final_banco/Conexion.java</file>
        </group>
    </open-files>
</project-private>
